{
  "cell_id": "chunked__qwen3-1.7b__rate-16__chat",
  "topology": "chunked",
  "model": "qwen3-1.7b",
  "rate_rps": 16,
  "mix": "chat",
  "n_warmup": 5,
  "n_measure": 30,
  "seed": 3316452132,
  "mean_ttft_ms": 189.37494277142858,
  "p95_ttft_ms": 293.6429466999999,
  "mean_itl_ms": 9.807466648712497,
  "success_rate": 1.0,
  "cache_hit_rate": 0.0,
  "reconcile_passes": true,
  "thermal": {
    "gpu_temp_c": 43,
    "gpu_util_pct": 90,
    "gpu_mem_used_mb": 74511,
    "THERMAL_WARN_C": 80
  },
  "started_at": "2026-07-14T14:37:17.311656Z",
  "duration_s": 4.348100390052423,
  "notes": []
}