{
  "cell_id": "chunked__qwen3-1.7b__rate-8__agentic",
  "topology": "chunked",
  "model": "qwen3-1.7b",
  "rate_rps": 8,
  "mix": "agentic",
  "n_warmup": 5,
  "n_measure": 30,
  "seed": 1050344608,
  "mean_ttft_ms": 102.79570446153846,
  "p95_ttft_ms": 152.915416,
  "mean_itl_ms": 6.990088730505709,
  "success_rate": 0.37142857142857144,
  "cache_hit_rate": 0.0,
  "reconcile_passes": false,
  "thermal": {
    "gpu_temp_c": 42,
    "gpu_util_pct": 90,
    "gpu_mem_used_mb": 74511,
    "THERMAL_WARN_C": 80
  },
  "started_at": "2026-07-14T14:37:13.514867Z",
  "duration_s": 3.7501753829419613,
  "notes": []
}