{
  "cell_id": "colocated__qwen3-30b__rate-32__agentic",
  "topology": "colocated",
  "model": "qwen3-30b",
  "rate_rps": 32,
  "mix": "agentic",
  "n_warmup": 5,
  "n_measure": 30,
  "seed": 1161352772,
  "mean_ttft_ms": 259.9635151818182,
  "p95_ttft_ms": 636.6533625,
  "mean_itl_ms": 7.05514955200294,
  "success_rate": 0.3142857142857143,
  "cache_hit_rate": 0.0,
  "reconcile_passes": false,
  "thermal": {
    "gpu_temp_c": 40,
    "gpu_util_pct": 90,
    "gpu_mem_used_mb": 74511,
    "THERMAL_WARN_C": 80
  },
  "started_at": "2026-07-14T14:33:42.870375Z",
  "duration_s": 3.4189383168704808,
  "notes": []
}