{
  "cell_id": "colocated__qwen3-1.7b__rate-2__agentic",
  "topology": "colocated",
  "model": "qwen3-1.7b",
  "rate_rps": 2,
  "mix": "agentic",
  "n_warmup": 5,
  "n_measure": 30,
  "seed": 3867323428,
  "mean_ttft_ms": 82.16249877777777,
  "p95_ttft_ms": 121.37697419999998,
  "mean_itl_ms": 6.838392728662053,
  "success_rate": 0.2571428571428571,
  "cache_hit_rate": 0.0,
  "reconcile_passes": false,
  "thermal": {
    "gpu_temp_c": 35,
    "gpu_util_pct": 0,
    "gpu_mem_used_mb": 74509,
    "THERMAL_WARN_C": 80
  },
  "started_at": "2026-07-14T14:24:47.197929Z",
  "duration_s": 16.477128583937883,
  "notes": []
}