{
  "cell_id": "colocated__qwen3-1.7b__rate-32__agentic",
  "topology": "colocated",
  "model": "qwen3-1.7b",
  "rate_rps": 32,
  "mix": "agentic",
  "n_warmup": 5,
  "n_measure": 30,
  "seed": 1032090267,
  "mean_ttft_ms": 137.20728733333334,
  "p95_ttft_ms": 201.25586415,
  "mean_itl_ms": 7.207432868881562,
  "success_rate": 0.34285714285714286,
  "cache_hit_rate": 0.0,
  "reconcile_passes": false,
  "thermal": {
    "gpu_temp_c": 44,
    "gpu_util_pct": 91,
    "gpu_mem_used_mb": 74511,
    "THERMAL_WARN_C": 80
  },
  "started_at": "2026-07-14T14:26:08.446454Z",
  "duration_s": 3.727063933154568,
  "notes": []
}