{
  "cell_id": "colocated__qwen3-30b__rate-32__chat",
  "topology": "colocated",
  "model": "qwen3-30b",
  "rate_rps": 32,
  "mix": "chat",
  "n_warmup": 5,
  "n_measure": 30,
  "seed": 3233498767,
  "mean_ttft_ms": 311.47683905714285,
  "p95_ttft_ms": 531.6452055999999,
  "mean_itl_ms": 10.932781731128848,
  "success_rate": 1.0,
  "cache_hit_rate": 0.0,
  "reconcile_passes": true,
  "thermal": {
    "gpu_temp_c": 40,
    "gpu_util_pct": 31,
    "gpu_mem_used_mb": 74511,
    "THERMAL_WARN_C": 80
  },
  "started_at": "2026-07-14T14:33:37.474638Z",
  "duration_s": 3.887034982908517,
  "notes": []
}