{
  "cell_id": "colocated__qwen3-30b__rate-1__agentic",
  "topology": "colocated",
  "model": "qwen3-30b",
  "rate_rps": 1,
  "mix": "agentic",
  "n_warmup": 5,
  "n_measure": 30,
  "seed": 3349389798,
  "mean_ttft_ms": 78.95231758333333,
  "p95_ttft_ms": 105.8779341,
  "mean_itl_ms": 6.594672502879581,
  "success_rate": 0.5217391304347826,
  "cache_hit_rate": 0.0,
  "reconcile_passes": false,
  "thermal": {
    "gpu_temp_c": 34,
    "gpu_util_pct": 0,
    "gpu_mem_used_mb": 74511,
    "THERMAL_WARN_C": 80
  },
  "started_at": "2026-07-14T14:31:11.888943Z",
  "duration_s": 31.547196541912854,
  "notes": []
}