{
  "cell_id": "colocated__qwen2.5-7b__rate-4__agentic",
  "topology": "colocated",
  "model": "qwen2.5-7b",
  "rate_rps": 4,
  "mix": "agentic",
  "n_warmup": 5,
  "n_measure": 30,
  "seed": 603276623,
  "mean_ttft_ms": 83.31966881818182,
  "p95_ttft_ms": 131.4929665,
  "mean_itl_ms": 6.554303630903973,
  "success_rate": 0.4782608695652174,
  "cache_hit_rate": 0.0,
  "reconcile_passes": false,
  "thermal": {
    "gpu_temp_c": 41,
    "gpu_util_pct": 91,
    "gpu_mem_used_mb": 74511,
    "THERMAL_WARN_C": 80
  },
  "started_at": "2026-07-14T14:29:08.788273Z",
  "duration_s": 8.831595656927675,
  "notes": []
}